{"cameraMode":{"drawMode":0,"name":"Shaded","section":"Shading Mode"},"sceneLighting":true,"audioPlay":false,"sceneViewState":{"showFog":true,"showMaterialUpdate":false,"showSkybox":true,"showFlares":true,"showImageEffects":true,"showParticleSystems":true},"in2DMode":false,"pivot":{"x":1.0093994140625,"y":1.896484375,"z":1.564453125},"rotation":{"x":0.19714418053627015,"y":0.06642040610313416,"z":-0.013406232930719853,"w":0.9780812859535217},"size":13.817981719970704,"orthographic":true}