{"cameraMode":{"drawMode":0,"name":"Shaded","section":"Shading Mode"},"sceneLighting":true,"audioPlay":false,"sceneViewState":{"showFog":true,"showMaterialUpdate":false,"showSkybox":true,"showFlares":true,"showImageEffects":true,"showParticleSystems":true},"in2DMode":false,"pivot":{"x":-86.69999694824219,"y":3.200000047683716,"z":94.5999984741211},"rotation":{"x":-0.07888490706682205,"y":-0.11545220017433167,"z":0.009191013872623444,"w":-0.9901636242866516},"size":22.0,"orthographic":true}